<?xml version="1.0" encoding="UTF-8" ?>
<!DOCTYPE mapper
  PUBLIC "-//mybatis.org//DTD Mapper 3.0//EN"
  "http://mybatis.org/dtd/mybatis-3-mapper.dtd">

<mapper namespace="bitcamp.java106.pms.dao.MemberDao">

  <resultMap type="Member" id="MemberMap">
    <id column="mid" property="id"/>
    <result column="email" property="email"/>
    <result column="pwd" property="password"/>
  </resultMap>
  
  <select id="selectList" 
          resultMap="MemberMap" parameterType="map">
    select mid, email, pwd 
    from pms2_member
    order by mid asc
    limit #{startRowNo}, #{pageSize}
  </select>
  
  <insert id="insert" parameterType="Member">
    insert into pms2_member(mid,email,pwd) 
    values(#{id},#{email},password(#{password}))
  </insert>
  
  <select id="selectOne" parameterType="String" resultMap="MemberMap">
    select mid, email 
    from pms2_member 
    where mid=#{value}
  </select> 
  
  <select id="selectOneWithPassword" parameterType="map" resultMap="MemberMap">
    select mid, email 
    from pms2_member 
    where mid=#{id} and pwd=password(#{password})
  </select>

  <select id="count" parameterType="map" resultType="int">
    select count(*)
    from pms2_member 
    where mid=#{id} and pwd=password(#{password})
  </select>

  <update id="update" parameterType="Member">
    update pms2_member set 
        email=#{email}, 
        pwd=password(#{password}) 
    where mid=#{id}
  </update>
  
  <delete id="delete" parameterType="String">
    delete from pms2_member where mid=#{value}
  </delete>
</mapper>







