<?xml version="1.0" encoding="UTF-8"?>
<beans xmlns="http://www.springframework.org/schema/beans"
    xmlns:p="http://www.springframework.org/schema/p"
    xmlns:context="http://www.springframework.org/schema/context"
    xmlns:tx="http://www.springframework.org/schema/tx"
    xmlns:aop="http://www.springframework.org/schema/aop"
    xmlns:xsi="http://www.w3.org/2001/XMLSchema-instance"
    xsi:schemaLocation="http://www.springframework.org/schema/beans
        http://www.springframework.org/schema/beans/spring-beans.xsd
        http://www.springframework.org/schema/context
        http://www.springframework.org/schema/context/spring-context.xsd
        http://www.springframework.org/schema/tx
        http://www.springframework.org/schema/tx/spring-tx.xsd
        http://www.springframework.org/schema/aop
        http://www.springframework.org/schema/aop/spring-aop.xsd">
    
    <context:component-scan base-package="bitcamp.java106.pms">
        <context:exclude-filter type="regex" expression="bitcamp.java106.pms.web.*"/>
    </context:component-scan>
    
    <bean id="sqlSessionFactory"
          class="org.mybatis.spring.SqlSessionFactoryBean">
      <property name="dataSource" ref="dataSource" />
      <property name="mapperLocations" 
                value="classpath*:bitcamp/java106/pms/sql/*Mapper.xml" />  
      <property name="typeAliasesPackage" 
                value="bitcamp.java106.pms.domain"/>   
    </bean>
    
    <bean id="dataSource" 
          class="org.apache.commons.dbcp.BasicDataSource" 
          destroy-method="close">
        <property name="driverClassName" value="${jdbc.driver}" />
        <property name="url" value="${jdbc.url}" />
        <property name="username" value="${jdbc.username}" />
        <property name="password" value="${jdbc.password}" />
    </bean>
    
    <context:property-placeholder 
        location="classpath:jdbc.properties,
        		  classpath:aws.properties"/> 
        
    <bean class="org.mybatis.spring.mapper.MapperScannerConfigurer">
        <property name="basePackage" value="bitcamp.java106.pms.dao" />
    </bean>
    
    <bean id="txManager" class="org.springframework.jdbc.datasource.DataSourceTransactionManager">
        <property name="dataSource" ref="dataSource"/>
    </bean>
    
    <tx:advice id="txAdvice" transaction-manager="txManager">
        <tx:attributes>
            <tx:method name="list*" read-only="true"/>
            <tx:method name="*"/>
        </tx:attributes>
    </tx:advice>
    <aop:config>
        <aop:advisor advice-ref="txAdvice" 
                     pointcut="execution(* bitcamp.java106.pms.service.impl.*.*(..))"/>
    </aop:config>     
</beans>






